Ativo;Abertura;Fechamento;Tempo Operação;Qtd Compra;Qtd Venda;Lado;Preço Compra;Preço Venda;Preço de Mercado;Médio;Res. Intervalo Bruto;Res. Intervalo (%);Número Operação;Res. Operação;Res. Operação (%);Drawdown;Ganho Max.;Perda Max.;TET;Total;resultado;datetime;regime;ema27;ema55;slope_ema27;dist_emas;atr14;lado
WINFUT;2026-03-10 12:36:08;10/03/2026 12:37:28;1min20s;24;24;C;189.975,00;189.975,00;178.700,00;Não;0;0;1;0;0;0,00;0,00;0,00; - ;0,00;0,0;2026-03-10;neutro;186187,521068455;181083,4478497062;1703,203701521823;5104,073218748817;-1029,2857142857142;c
WINFUT;2026-03-10 12:41:58;10/03/2026 12:57:32;15min33s;24;24;C;190.075,00;190.525,00;178.700,00;Não;2.160,00;450,00;2;2.160,00;450,00;0,00;0,00;0,00;5min50s;2.160,00;2160,0;2026-03-10;neutro;186187,521068455;181083,4478497062;1703,203701521823;5104,073218748817;-1029,2857142857142;c
WINFUT;2026-03-10 14:41:25;10/03/2026 14:41:25;-;24;24;C;191.200,00;191.050,00;178.700,00;Não;-720,00;-150,00;3;-720,00;-150,00;0,00;0,00;0,00;1h59min26s;1.440,00;-720,0;2026-03-10;neutro;186187,521068455;181083,4478497062;1703,203701521823;5104,073218748817;-1029,2857142857142;c
WINFUT;2026-03-11 13:38:26;11/03/2026 13:51:18;12min52s;24;24;V;189.715,00;189.565,00;178.700,00;Não;-720,00;-150,00;4;-720,00;-150,00;0,00;0,00;0,00;22h57min1s;720,00;-720,0;2026-03-11;neutro;174518,95165449576;176223,09529660156;-9509,67332261798;1704,1436421058024;12424,785714285714;v
WINFUT;2026-03-11 14:14:09;11/03/2026 14:16:43;2min33s;24;24;V;189.565,00;189.565,00;178.700,00;Não;0;0;5;0;0;0,00;0,00;0,00;35min42s;720,00;0,0;2026-03-11;neutro;174518,95165449576;176223,09529660156;-9509,67332261798;1704,1436421058024;12424,785714285714;v
WINFUT;2026-03-12 15:14:31;12/03/2026 15:14:31;-;24;24;V;185.425,00;185.275,00;178.700,00;Não;-720,00;-150,00;6;-720,00;-150,00;0,00;0,00;0,00;1d1h;0,00;-720,0;2026-03-12;neutro;163286,45390929727;167780,8181325152;-18913,3784072664;4494,364223217941;263,6428571428572;v
WINFUT;2026-03-12 15:20:07;12/03/2026 15:21:31;1min23s;24;24;V;185.375,00;185.375,00;178.700,00;Sim;0;0;7;0;0;0,00;0,00;0,00;5min36s;0,00;0,0;2026-03-12;neutro;163286,45390929727;167780,8181325152;-18913,3784072664;4494,364223217941;263,6428571428572;v
WINFUT;2026-03-12 16:02:54;12/03/2026 16:02:54;-;24;24;V;185.425,00;185.275,00;178.700,00;Não;-720,00;-150,00;8;-720,00;-150,00;0,00;0,00;0,00;42min46s;-720,00;-720,0;2026-03-12;neutro;163286,45390929727;167780,8181325152;-18913,3784072664;4494,364223217941;263,6428571428572;v
WINFUT;2026-03-12 16:27:48;12/03/2026 16:27:48;-;24;24;V;185.525,00;185.375,00;178.700,00;Sim;-720,00;-150,00;9;-720,00;-150,00;0,00;0,00;0,00;24min53s;-1.440,00;-720,0;2026-03-12;neutro;163286,45390929727;167780,8181325152;-18913,3784072664;4494,364223217941;263,6428571428572;v
WINFUT;2026-03-13 10:33:32;13/03/2026 10:33:32;-;24;24;C;186.805,00;186.655,00;178.700,00;Sim;-720,00;-150,00;10;-720,00;-150,00;0,00;0,00;0,00;18h5min43s;-2.160,00;-720,0;2026-03-13;tendencia_alta;178069,90274534465;174708,99267537103;2768,080235595728;3360,9100699736155;-11609,857142857143;c
WINFUT;2026-03-13 10:45:51;13/03/2026 10:48:53;3min2s;24;24;C;186.910,00;186.760,00;178.700,00;Não;-720,00;-150,00;11;-720,00;-150,00;0,00;0,00;0,00;12min19s;-2.880,00;-720,0;2026-03-13;tendencia_alta;178069,90274534465;174708,99267537103;2768,080235595728;3360,9100699736155;-11609,857142857143;c
WINFUT;2026-03-13 11:35:28;13/03/2026 11:40:30;5min2s;24;24;V;185.640,00;186.090,00;178.700,00;Sim;2.160,00;450,00;12;2.160,00;450,00;0,00;0,00;0,00;49min37s;-720,00;2160,0;2026-03-13;tendencia_alta;178069,90274534465;174708,99267537103;2768,080235595728;3360,9100699736155;-11609,857142857143;v
WINFUT;2026-03-13 15:08:06;13/03/2026 15:09:13;1min7s;24;24;V;184.150,00;184.150,00;178.700,00;Não;0;0;13;0;0;0,00;0,00;0,00;3h32min37s;-720,00;0,0;2026-03-13;tendencia_alta;178069,90274534465;174708,99267537103;2768,080235595728;3360,9100699736155;-11609,857142857143;v
WINFUT;2026-03-13 15:18:59;13/03/2026 15:21:29;2min29s;24;24;V;184.100,00;183.950,00;178.700,00;Não;-720,00;-150,00;14;-720,00;-150,00;0,00;0,00;0,00;10min52s;-1.440,00;-720,0;2026-03-13;tendencia_alta;178069,90274534465;174708,99267537103;2768,080235595728;3360,9100699736155;-11609,857142857143;v
WINFUT;2026-03-13 17:05:25;13/03/2026 17:05:25;-;24;24;V;183.690,00;183.540,00;178.700,00;Não;-720,00;-150,00;15;-720,00;-150,00;0,00;0,00;0,00;1h46min25s;-2.160,00;-720,0;2026-03-13;tendencia_alta;178069,90274534465;174708,99267537103;2768,080235595728;3360,9100699736155;-11609,857142857143;v
WINFUT;2026-03-13 17:27:57;16/03/2026 09:00:52;2d15h;24;24;V;183.790,00;183.640,00;178.700,00;Sim;-720,00;-150,00;16;-720,00;-150,00;0,00;0,00;0,00;22min32s;-2.880,00;-720,0;2026-03-13;tendencia_alta;178069,90274534465;174708,99267537103;2768,080235595728;3360,9100699736155;-11609,857142857143;v
WINFUT;2026-03-16 13:16:49;16/03/2026 13:30:01;13min11s;24;24;V;185.440,00;185.890,00;178.700,00;Sim;2.160,00;450,00;17;2.160,00;450,00;0,00;0,00;0,00;2d19h;-720,00;2160,0;2026-03-16;lateral_compressao;181046,57771111853;179542,8541165517;2205,9364657823758;1503,7235945668365;12139,714285714286;v
WINFUT;2026-03-17 15:57:32;17/03/2026 16:16:55;19min23s;24;24;V;185.845,00;186.295,00;178.700,00;Sim;2.160,00;450,00;18;2.160,00;450,00;0,00;0,00;0,00;1d2h;1.440,00;2160,0;2026-03-17;neutro;167170,13140847394;168689,27525517458;-7402,289508782938;1519,1438467006374;24232,571428571428;v
WINFUT;2026-03-17 17:41:02;17/03/2026 17:41:02;-;24;24;V;186.140,00;185.990,00;178.700,00;Não;-720,00;-150,00;19;-720,00;-150,00;0,00;0,00;0,00;1h43min30s;720,00;-720,0;2026-03-17;neutro;167170,13140847394;168689,27525517458;-7402,289508782938;1519,1438467006374;24232,571428571428;v
WINFUT;2026-03-18 10:16:06;18/03/2026 10:16:06;-;24;24;V;185.325,00;185.175,00;178.700,00;Não;-720,00;-150,00;20;-720,00;-150,00;0,00;0,00;0,00;16h35min4s;0,00;-720,0;2026-03-18;tendencia_alta;171759,7780149996;168198,53332582107;5728,977388165396;3561,2446891785366;25404,14285714286;v
WINFUT;2026-03-18 10:46:52;18/03/2026 10:49:08;2min15s;24;24;C;186.090,00;185.940,00;178.700,00;Sim;-720,00;-150,00;21;-720,00;-150,00;0,00;0,00;0,00;30min46s;-720,00;-720,0;2026-03-18;tendencia_alta;171759,7780149996;168198,53332582107;5728,977388165396;3561,2446891785366;25404,14285714286;c
WINFUT;2026-03-18 11:24:14;18/03/2026 11:24:14;-;24;24;C;186.195,00;186.045,00;178.700,00;Não;-720,00;-150,00;22;-720,00;-150,00;0,00;0,00;0,00;37min21s;-1.440,00;-720,0;2026-03-18;tendencia_alta;171759,7780149996;168198,53332582107;5728,977388165396;3561,2446891785366;25404,14285714286;c
WINFUT;2026-03-18 12:02:20;18/03/2026 12:04:59;2min39s;24;24;V;185.935,00;185.785,00;178.700,00;Sim;-720,00;-150,00;23;-720,00;-150,00;0,00;0,00;0,00;38min5s;-2.160,00;-720,0;2026-03-18;tendencia_alta;171759,7780149996;168198,53332582107;5728,977388165396;3561,2446891785366;25404,14285714286;v
WINFUT;2026-03-18 13:00:25;18/03/2026 13:07:14;6min49s;24;24;V;185.835,00;185.685,00;178.700,00;Não;-720,00;-150,00;24;-720,00;-150,00;0,00;0,00;0,00;58min5s;-2.880,00;-720,0;2026-03-18;tendencia_alta;171759,7780149996;168198,53332582107;5728,977388165396;3561,2446891785366;25404,14285714286;v
WINFUT;2026-03-18 13:39:27;18/03/2026 13:52:33;13min5s;24;24;C;186.090,00;186.540,00;178.700,00;Sim;2.160,00;450,00;25;2.160,00;450,00;0,00;0,00;0,00;39min2s;-720,00;2160,0;2026-03-18;tendencia_alta;171759,7780149996;168198,53332582107;5728,977388165396;3561,2446891785366;25404,14285714286;c
WINFUT;2026-03-18 14:45:28;18/03/2026 14:57:59;12min30s;24;24;C;186.500,00;186.950,00;178.700,00;Não;2.160,00;450,00;26;2.160,00;450,00;0,00;0,00;0,00;1h6min1s;1.440,00;2160,0;2026-03-18;tendencia_alta;171759,7780149996;168198,53332582107;5728,977388165396;3561,2446891785366;25404,14285714286;c
WINFUT;2026-03-18 16:45:48;18/03/2026 17:00:00;14min12s;24;24;V;185.235,00;185.685,00;178.700,00;Não;2.160,00;450,00;27;2.160,00;450,00;0,00;0,00;0,00;2h19s;3.600,00;2160,0;2026-03-18;tendencia_alta;171759,7780149996;168198,53332582107;5728,977388165396;3561,2446891785366;25404,14285714286;v
WINFUT;2026-03-19 09:06:44;19/03/2026 09:06:44;-;24;24;V;183.075,00;182.925,00;178.700,00;Não;-720,00;-150,00;28;-720,00;-150,00;0,00;0,00;0,00;16h20min56s;2.880,00;-720,0;2026-03-19;neutro;155831,6054703442;158455,54653926645;-15432,877120177;2623,941068922257;12376,285714285714;v
WINFUT;2026-03-19 09:08:01;19/03/2026 09:08:01;-;24;24;V;183.385,00;183.235,00;178.700,00;Sim;-720,00;-150,00;29;-720,00;-150,00;0,00;0,00;0,00;1min16s;2.160,00;-720,0;2026-03-19;neutro;155831,6054703442;158455,54653926645;-15432,877120177;2623,941068922257;12376,285714285714;v
WINFUT;2026-03-19 10:46:29;19/03/2026 10:46:29;-;24;24;C;183.130,00;182.980,00;178.700,00;Sim;-720,00;-150,00;30;-720,00;-150,00;0,00;0,00;0,00;1h38min28s;1.440,00;-720,0;2026-03-19;neutro;155831,6054703442;158455,54653926645;-15432,877120177;2623,941068922257;12376,285714285714;c
WINFUT;2026-03-20 10:22:50;20/03/2026 10:22:50;-;24;24;V;184.505,00;184.355,00;178.700,00;Sim;-720,00;-150,00;31;-720,00;-150,00;0,00;0,00;0,00;23h36min21s;720,00;-720,0;2026-03-20;tendencia_alta;180812,15707492444;178603,87167806504;682,0732713941543;2208,285396859399;405,0;v
WINFUT;2026-03-20 15:10:35;20/03/2026 15:20:51;10min15s;24;24;V;180.945,00;181.395,00;178.700,00;Não;2.160,00;450,00;32;2.160,00;450,00;0,00;0,00;0,00;4h47min44s;2.880,00;2160,0;2026-03-20;tendencia_alta;180812,15707492444;178603,87167806504;682,0732713941543;2208,285396859399;405,0;v
WINFUT;2026-03-20 15:35:24;20/03/2026 15:37:25;2min1s;24;24;V;180.680,00;180.680,00;178.700,00;Não;0;0;33;0;0;0,00;0,00;0,00;24min48s;2.880,00;0,0;2026-03-20;tendencia_alta;180812,15707492444;178603,87167806504;682,0732713941543;2208,285396859399;405,0;v
WINFUT;2026-03-20 16:06:33;20/03/2026 16:06:33;-;24;24;V;180.725,00;180.575,00;178.700,00;Não;-720,00;-150,00;34;-720,00;-150,00;0,00;0,00;0,00;31min9s;2.160,00;-720,0;2026-03-20;tendencia_alta;180812,15707492444;178603,87167806504;682,0732713941543;2208,285396859399;405,0;v
WINFUT;2026-03-23 09:31:39;23/03/2026 09:37:07;5min28s;24;24;C;183.130,00;183.580,00;178.700,00;Não;2.160,00;450,00;35;2.160,00;450,00;0,00;0,00;0,00;2d17h;4.320,00;2160,0;2026-03-23;neutro;165749,89705107466;171170,14502811476;-20278,11549588194;5420,247977040097;-11816,357142857143;c
WINFUT;2026-03-23 09:54:02;23/03/2026 09:54:02;-;24;24;C;184.355,00;184.205,00;178.700,00;Não;-720,00;-150,00;36;-720,00;-150,00;0,00;0,00;0,00;22min22s;3.600,00;-720,0;2026-03-23;neutro;165749,89705107466;171170,14502811476;-20278,11549588194;5420,247977040097;-11816,357142857143;c
WINFUT;2026-03-23 10:45:57;23/03/2026 10:45:57;-;24;24;C;185.785,00;185.635,00;178.700,00;Não;-720,00;-150,00;37;-720,00;-150,00;0,00;0,00;0,00;51min55s;2.880,00;-720,0;2026-03-23;neutro;165749,89705107466;171170,14502811476;-20278,11549588194;5420,247977040097;-11816,357142857143;c
WINFUT;2026-03-23 10:56:27;23/03/2026 10:58:22;1min54s;24;24;C;185.990,00;186.440,00;178.700,00;Não;2.160,00;450,00;38;2.160,00;450,00;0,00;0,00;0,00;10min30s;5.040,00;2160,0;2026-03-23;neutro;165749,89705107466;171170,14502811476;-20278,11549588194;5420,247977040097;-11816,357142857143;c
WINFUT;2026-03-23 11:15:22;23/03/2026 11:18:59;3min36s;24;24;C;187.115,00;187.565,00;178.700,00;Não;2.160,00;450,00;39;2.160,00;450,00;0,00;0,00;0,00;18min54s;7.200,00;2160,0;2026-03-23;neutro;165749,89705107466;171170,14502811476;-20278,11549588194;5420,247977040097;-11816,357142857143;c
WINFUT;2026-03-23 14:50:18;23/03/2026 15:01:50;11min31s;24;24;C;187.420,00;187.270,00;178.700,00;Não;-720,00;-150,00;40;-720,00;-150,00;0,00;0,00;0,00;3h34min56s;6.480,00;-720,0;2026-03-23;neutro;165749,89705107466;171170,14502811476;-20278,11549588194;5420,247977040097;-11816,357142857143;c
WINFUT;2026-03-23 16:15:07;23/03/2026 16:15:07;-;24;24;C;188.135,00;187.985,00;178.700,00;Não;-720,00;-150,00;41;-720,00;-150,00;0,00;0,00;0,00;1h24min48s;5.760,00;-720,0;2026-03-23;neutro;165749,89705107466;171170,14502811476;-20278,11549588194;5420,247977040097;-11816,357142857143;c
WINFUT;2026-03-23 16:43:07;23/03/2026 16:51:02;7min54s;24;24;C;187.725,00;188.175,00;178.700,00;Sim;2.160,00;450,00;42;2.160,00;450,00;0,00;0,00;0,00;28min;7.920,00;2160,0;2026-03-23;neutro;165749,89705107466;171170,14502811476;-20278,11549588194;5420,247977040097;-11816,357142857143;c
WINFUT;2026-03-24 09:30:29;24/03/2026 09:33:40;3min11s;24;24;V;186.665,00;187.115,00;178.700,00;Sim;2.160,00;450,00;43;2.160,00;450,00;0,00;0,00;0,00;16h47min21s;10.080,00;2160,0;2026-03-24;neutro;180246,123147605;177333,7150361734;4227,497413380217;2912,4081114315777;-827,2857142857143;v
WINFUT;2026-03-24 09:58:15;24/03/2026 10:01:24;3min9s;24;24;V;186.500,00;186.500,00;178.700,00;Não;0;0;44;0;0;0,00;0,00;0,00;27min45s;10.080,00;0,0;2026-03-24;neutro;180246,123147605;177333,7150361734;4227,497413380217;2912,4081114315777;-827,2857142857143;v
WINFUT;2026-03-24 10:17:35;24/03/2026 10:19:26;1min51s;24;24;V;185.745,00;186.195,00;178.700,00;Não;2.160,00;450,00;45;2.160,00;450,00;0,00;0,00;0,00;19min20s;12.240,00;2160,0;2026-03-24;neutro;180246,123147605;177333,7150361734;4227,497413380217;2912,4081114315777;-827,2857142857143;v
WINFUT;2026-03-24 11:40:44;24/03/2026 11:41:33;48s;24;24;C;187.010,00;187.010,00;178.700,00;Sim;0;0;46;0;0;0,00;0,00;0,00;1h23min9s;12.240,00;0,0;2026-03-24;neutro;180246,123147605;177333,7150361734;4227,497413380217;2912,4081114315777;-827,2857142857143;c
WINFUT;2026-03-24 14:42:03;24/03/2026 14:55:51;13min48s;24;24;V;186.650,00;186.500,00;178.700,00;Sim;-720,00;-150,00;47;-720,00;-150,00;0,00;0,00;0,00;3h1min18s;11.520,00;-720,0;2026-03-24;neutro;180246,123147605;177333,7150361734;4227,497413380217;2912,4081114315777;-827,2857142857143;v
WINFUT;2026-03-25 09:40:52;25/03/2026 09:48:00;7min8s;24;24;V;189.920,00;189.770,00;178.700,00;Sim;-720,00;-150,00;48;-720,00;-150,00;0,00;0,00;0,00;18h58min49s;10.800,00;-720,0;2026-03-25;lateral_compressao;179652,40396495184;178853,5789018625;4969,388815066806;798,8250630893453;-13240,142857142857;v
WINFUT;2026-03-25 10:19:27;25/03/2026 10:23:01;3min34s;24;24;V;189.665,00;189.665,00;178.700,00;Não;0;0;49;0;0;0,00;0,00;0,00;38min35s;10.800,00;0,0;2026-03-25;lateral_compressao;179652,40396495184;178853,5789018625;4969,388815066806;798,8250630893453;-13240,142857142857;v
WINFUT;2026-03-25 10:54:35;25/03/2026 10:54:35;-;24;24;C;190.380,00;190.230,00;178.700,00;Não;-720,00;-150,00;50;-720,00;-150,00;0,00;0,00;0,00;35min7s;10.080,00;-720,0;2026-03-25;lateral_compressao;179652,40396495184;178853,5789018625;4969,388815066806;798,8250630893453;-13240,142857142857;c
WINFUT;2026-03-25 10:58:30;25/03/2026 10:58:30;-;24;24;C;190.485,00;190.335,00;178.700,00;Não;-720,00;-150,00;51;-720,00;-150,00;0,00;0,00;0,00;3min54s;9.360,00;-720,0;2026-03-25;lateral_compressao;179652,40396495184;178853,5789018625;4969,388815066806;798,8250630893453;-13240,142857142857;c
WINFUT;2026-03-25 12:03:33;25/03/2026 12:03:33;-;24;24;C;191.300,00;191.150,00;178.700,00;Não;-720,00;-150,00;52;-720,00;-150,00;0,00;0,00;0,00;1h5min3s;8.640,00;-720,0;2026-03-25;lateral_compressao;179652,40396495184;178853,5789018625;4969,388815066806;798,8250630893453;-13240,142857142857;c
WINFUT;2026-03-25 14:02:36;25/03/2026 14:02:36;-;24;24;C;190.995,00;190.845,00;178.700,00;Sim;-720,00;-150,00;53;-720,00;-150,00;0,00;0,00;0,00;1h59min3s;7.920,00;-720,0;2026-03-25;lateral_compressao;179652,40396495184;178853,5789018625;4969,388815066806;798,8250630893453;-13240,142857142857;c
WINFUT;2026-03-25 14:21:51;25/03/2026 14:39:24;17min32s;24;24;C;190.790,00;191.240,00;178.700,00;Sim;2.160,00;450,00;54;2.160,00;450,00;0,00;0,00;0,00;19min14s;10.080,00;2160,0;2026-03-25;lateral_compressao;179652,40396495184;178853,5789018625;4969,388815066806;798,8250630893453;-13240,142857142857;c
WINFUT;2026-03-25 14:58:29;25/03/2026 14:59:26;56s;24;24;C;190.995,00;190.845,00;178.700,00;Não;-720,00;-150,00;55;-720,00;-150,00;0,00;0,00;0,00;36min38s;9.360,00;-720,0;2026-03-25;lateral_compressao;179652,40396495184;178853,5789018625;4969,388815066806;798,8250630893453;-13240,142857142857;c
WINFUT;2026-03-25 15:01:36;25/03/2026 15:16:55;15min19s;24;24;C;191.095,00;191.545,00;178.700,00;Não;2.160,00;450,00;56;2.160,00;450,00;0,00;0,00;0,00;3min6s;11.520,00;2160,0;2026-03-25;lateral_compressao;179652,40396495184;178853,5789018625;4969,388815066806;798,8250630893453;-13240,142857142857;c
WINFUT;2026-03-25 16:34:26;25/03/2026 16:40:52;6min25s;24;24;V;190.635,00;190.485,00;178.700,00;Sim;-720,00;-150,00;57;-720,00;-150,00;0,00;0,00;0,00;1h32min50s;10.800,00;-720,0;2026-03-25;lateral_compressao;179652,40396495184;178853,5789018625;4969,388815066806;798,8250630893453;-13240,142857142857;v
WINFUT;2026-03-25 17:34:55;25/03/2026 17:34:55;-;24;24;C;190.995,00;190.845,00;178.700,00;Sim;-720,00;-150,00;58;-720,00;-150,00;0,00;0,00;0,00;1h28s;10.080,00;-720,0;2026-03-25;lateral_compressao;179652,40396495184;178853,5789018625;4969,388815066806;798,8250630893453;-13240,142857142857;c
WINFUT;2026-03-26 10:52:07;26/03/2026 10:58:57;6min50s;24;24;C;189.565,00;189.415,00;178.700,00;Sim;-720,00;-150,00;59;-720,00;-150,00;0,00;0,00;0,00;17h17min11s;9.360,00;-720,0;2026-03-26;neutro;147337,38495893514;162108,3223964801;-14276,747252429835;14770,937437544955;-24032,85714285714;c
WINFUT;2026-03-26 11:05:14;26/03/2026 11:05:14;-;24;24;C;189.770,00;189.620,00;178.700,00;Não;-720,00;-150,00;60;-720,00;-150,00;0,00;0,00;0,00;13min6s;8.640,00;-720,0;2026-03-26;neutro;147337,38495893514;162108,3223964801;-14276,747252429835;14770,937437544955;-24032,85714285714;c
WINFUT;2026-03-26 11:31:26;26/03/2026 11:37:06;5min40s;24;24;C;189.975,00;189.825,00;178.700,00;Não;-720,00;-150,00;61;-720,00;-150,00;0,00;0,00;0,00;26min12s;7.920,00;-720,0;2026-03-26;neutro;147337,38495893514;162108,3223964801;-14276,747252429835;14770,937437544955;-24032,85714285714;c
WINFUT;2026-03-26 11:40:36;26/03/2026 11:40:36;-;24;24;C;189.770,00;189.620,00;178.700,00;Sim;-720,00;-150,00;62;-720,00;-150,00;0,00;0,00;0,00;9min10s;7.200,00;-720,0;2026-03-26;neutro;147337,38495893514;162108,3223964801;-14276,747252429835;14770,937437544955;-24032,85714285714;c
WINFUT;2026-03-26 11:53:53;26/03/2026 11:55:00;1min6s;24;24;V;189.055,00;189.055,00;178.700,00;Não;0;0;63;0;0;0,00;0,00;0,00;13min17s;7.200,00;0,0;2026-03-26;neutro;147337,38495893514;162108,3223964801;-14276,747252429835;14770,937437544955;-24032,85714285714;v
WINFUT;2026-03-26 14:10:02;26/03/2026 14:40:07;30min4s;24;24;V;188.095,00;188.545,00;178.700,00;Não;2.160,00;450,00;64;2.160,00;450,00;0,00;0,00;0,00;2h16min9s;9.360,00;2160,0;2026-03-26;neutro;147337,38495893514;162108,3223964801;-14276,747252429835;14770,937437544955;-24032,85714285714;v
WINFUT;2026-03-26 16:00:45;26/03/2026 16:08:07;7min22s;24;24;V;187.785,00;188.235,00;178.700,00;Não;2.160,00;450,00;65;2.160,00;450,00;0,00;0,00;0,00;1h50min42s;11.520,00;2160,0;2026-03-26;neutro;147337,38495893514;162108,3223964801;-14276,747252429835;14770,937437544955;-24032,85714285714;v
WINFUT;2026-03-27 10:34:51;27/03/2026 10:38:11;3min20s;24;24;V;186.550,00;186.400,00;178.700,00;Não;-720,00;-150,00;66;-720,00;-150,00;0,00;0,00;0,00;18h34min6s;10.800,00;-720,0;2026-03-27;tendencia_baixa;170800,66981952166;172748,68119302823;-12175,38344842146;1948,011373506568;-972,7857142857144;v
WINFUT;2026-03-27 12:31:14;27/03/2026 12:39:01;7min46s;24;24;C;188.235,00;188.085,00;178.700,00;Sim;-720,00;-150,00;67;-720,00;-150,00;0,00;0,00;0,00;1h56min22s;10.080,00;-720,0;2026-03-27;tendencia_baixa;170800,66981952166;172748,68119302823;-12175,38344842146;1948,011373506568;-972,7857142857144;c
WINFUT;2026-03-30 12:19:03;30/03/2026 12:35:09;16min6s;24;24;C;188.750,00;189.200,00;178.700,00;Não;2.160,00;450,00;68;2.160,00;450,00;0,00;0,00;0,00;2d23h;12.240,00;2160,0;2026-03-30;tendencia_alta;165821,6884639256;162344,5858742396;9733,547466324468;3477,1025896859937;23149,571428571428;c
WINFUT;2026-03-31 09:59:01;31/03/2026 09:59:01;-;24;24;C;190.585,00;190.435,00;178.700,00;Não;-720,00;-150,00;69;-720,00;-150,00;0,00;0,00;0,00;21h39min58s;11.520,00;-720,0;2026-03-31;lateral_compressao;162286,93241888905;163857,0141960639;13622,734307810868;1570,081777174841;-25809,92857142857;c
WINFUT;2026-03-31 13:01:00;31/03/2026 13:02:07;1min7s;24;24;C;190.280,00;190.280,00;178.700,00;Sim;0;0;70;0;0;0,00;0,00;0,00;3h1min58s;11.520,00;0,0;2026-03-31;lateral_compressao;162286,93241888905;163857,0141960639;13622,734307810868;1570,081777174841;-25809,92857142857;c
WINFUT;2026-03-31 13:14:19;31/03/2026 13:16:21;2min2s;24;24;C;190.280,00;190.280,00;178.700,00;Não;0;0;71;0;0;0,00;0,00;0,00;13min19s;11.520,00;0,0;2026-03-31;lateral_compressao;162286,93241888905;163857,0141960639;13622,734307810868;1570,081777174841;-25809,92857142857;c
WINFUT;2026-03-31 13:24:19;31/03/2026 13:25:32;1min13s;24;24;C;190.485,00;190.485,00;178.700,00;Não;0;0;72;0;0;0,00;0,00;0,00;10min;11.520,00;0,0;2026-03-31;lateral_compressao;162286,93241888905;163857,0141960639;13622,734307810868;1570,081777174841;-25809,92857142857;c
WINFUT;2026-04-01 11:32:31;01/04/2026 11:36:21;3min50s;24;24;V;192.325,00;192.325,00;178.700,00;Sim;0;0;73;0;0;0,00;0,00;0,00;22h8min11s;11.520,00;0,0;2026-04-01;tendencia_alta;185427,85639256617;183299,6256128944;3319,4544607347343;2128,23077967178;26241,714285714286;v
WINFUT;2026-04-01 12:42:54;01/04/2026 12:45:27;2min32s;24;24;C;193.345,00;193.345,00;178.700,00;Não;0;0;74;0;0;0,00;0,00;0,00;1h10min23s;11.520,00;0,0;2026-04-01;tendencia_alta;185427,85639256617;183299,6256128944;3319,4544607347343;2128,23077967178;26241,714285714286;c
WINFUT;2026-04-01 13:31:09;01/04/2026 13:35:55;4min46s;24;24;C;193.345,00;193.795,00;178.700,00;Não;2.160,00;450,00;75;2.160,00;450,00;0,00;0,00;0,00;48min15s;13.680,00;2160,0;2026-04-01;tendencia_alta;185427,85639256617;183299,6256128944;3319,4544607347343;2128,23077967178;26241,714285714286;c
WINFUT;2026-04-01 17:05:43;01/04/2026 17:05:43;-;24;24;V;192.880,00;192.730,00;178.700,00;Sim;-720,00;-150,00;76;-720,00;-150,00;0,00;0,00;0,00;3h34min33s;12.960,00;-720,0;2026-04-01;tendencia_alta;185427,85639256617;183299,6256128944;3319,4544607347343;2128,23077967178;26241,714285714286;v
WINFUT;2026-04-01 17:16:29;01/04/2026 17:16:29;-;24;24;V;192.880,00;192.730,00;178.700,00;Não;-720,00;-150,00;77;-720,00;-150,00;0,00;0,00;0,00;10min45s;12.240,00;-720,0;2026-04-01;tendencia_alta;185427,85639256617;183299,6256128944;3319,4544607347343;2128,23077967178;26241,714285714286;v
WINFUT;2026-04-02 11:28:55;02/04/2026 11:33:13;4min18s;24;24;C;191.810,00;192.260,00;178.700,00;Sim;2.160,00;450,00;78;2.160,00;450,00;0,00;0,00;0,00;18h12min25s;14.400,00;2160,0;2026-04-02;lateral_compressao;181323,41533699544;179245,6516253053;5027,472377650061;2077,763711690146;-49370,357142857145;c
WINFUT;2026-04-02 15:25:15;02/04/2026 15:25:15;-;24;24;V;192.270,00;192.120,00;178.700,00;Não;-720,00;-150,00;79;-720,00;-150,00;0,00;0,00;0,00;3h56min20s;13.680,00;-720,0;2026-04-02;lateral_compressao;181323,41533699544;179245,6516253053;5027,472377650061;2077,763711690146;-49370,357142857145;v
WINFUT;2026-04-06 09:16:40;06/04/2026 09:16:43;2s;24;24;C;193.550,00;193.400,00;178.700,00;Não;-720,00;-150,00;80;-720,00;-150,00;0,00;0,00;0,00;3d17h;12.960,00;-720,0;2026-04-06;lateral_compressao;180337,5736359793;180753,6402960695;5612,596832762094;416,066660090175;-24650,785714285717;c
WINFUT;2026-04-06 09:25:33;06/04/2026 09:31:44;6min10s;24;24;C;193.650,00;193.500,00;178.700,00;Não;-720,00;-150,00;81;-720,00;-150,00;0,00;0,00;0,00;8min52s;12.240,00;-720,0;2026-04-06;lateral_compressao;180337,5736359793;180753,6402960695;5612,596832762094;416,066660090175;-24650,785714285717;c
WINFUT;2026-04-06 09:51:17;06/04/2026 09:51:54;37s;24;24;C;193.550,00;193.400,00;178.700,00;Sim;-720,00;-150,00;82;-720,00;-150,00;0,00;0,00;0,00;25min43s;11.520,00;-720,0;2026-04-06;lateral_compressao;180337,5736359793;180753,6402960695;5612,596832762094;416,066660090175;-24650,785714285717;c
WINFUT;2026-04-06 10:39:35;06/04/2026 10:40:02;27s;24;24;C;193.550,00;193.400,00;178.700,00;Não;-720,00;-150,00;83;-720,00;-150,00;0,00;0,00;0,00;48min17s;10.800,00;-720,0;2026-04-06;lateral_compressao;180337,5736359793;180753,6402960695;5612,596832762094;416,066660090175;-24650,785714285717;c
WINFUT;2026-04-06 11:52:00;06/04/2026 11:52:00;-;24;24;V;193.190,00;193.040,00;178.700,00;Sim;-720,00;-150,00;84;-720,00;-150,00;0,00;0,00;0,00;1h12min25s;10.080,00;-720,0;2026-04-06;lateral_compressao;180337,5736359793;180753,6402960695;5612,596832762094;416,066660090175;-24650,785714285717;v
WINFUT;2026-04-06 12:12:19;06/04/2026 12:18:03;5min44s;24;24;V;192.985,00;192.835,00;178.700,00;Não;-720,00;-150,00;85;-720,00;-150,00;0,00;0,00;0,00;20min19s;9.360,00;-720,0;2026-04-06;lateral_compressao;180337,5736359793;180753,6402960695;5612,596832762094;416,066660090175;-24650,785714285717;v
WINFUT;2026-04-06 12:33:03;06/04/2026 12:33:03;-;24;24;V;192.985,00;192.835,00;178.700,00;Não;-720,00;-150,00;86;-720,00;-150,00;0,00;0,00;0,00;20min44s;8.640,00;-720,0;2026-04-06;lateral_compressao;180337,5736359793;180753,6402960695;5612,596832762094;416,066660090175;-24650,785714285717;v
WINFUT;2026-04-06 14:30:48;06/04/2026 14:30:48;-;24;24;V;192.985,00;192.835,00;178.700,00;Não;-720,00;-150,00;87;-720,00;-150,00;0,00;0,00;0,00;1h57min44s;7.920,00;-720,0;2026-04-06;lateral_compressao;180337,5736359793;180753,6402960695;5612,596832762094;416,066660090175;-24650,785714285717;v
WINFUT;2026-04-06 14:41:50;06/04/2026 15:10:48;28min58s;24;24;V;192.985,00;192.835,00;178.700,00;Não;-720,00;-150,00;88;-720,00;-150,00;0,00;0,00;0,00;11min1s;7.200,00;-720,0;2026-04-06;lateral_compressao;180337,5736359793;180753,6402960695;5612,596832762094;416,066660090175;-24650,785714285717;v
WINFUT;2026-04-07 09:40:50;07/04/2026 09:48:37;7min47s;24;24;V;191.505,00;191.505,00;178.700,00;Não;0;0;89;0;0;0,00;0,00;0,00;18h58min59s;7.200,00;0,0;2026-04-07;neutro;178543,79668351478;178991,38343097616;6617,90330681589;447,58674746137694;25062,571428571428;v
WINFUT;2026-04-07 13:12:01;07/04/2026 13:12:01;-;24;24;C;191.810,00;191.660,00;178.700,00;Sim;-720,00;-150,00;90;-720,00;-150,00;0,00;0,00;0,00;3h31min11s;6.480,00;-720,0;2026-04-07;neutro;178543,79668351478;178991,38343097616;6617,90330681589;447,58674746137694;25062,571428571428;c
WINFUT;2026-04-07 14:32:37;07/04/2026 14:37:31;4min54s;24;24;C;192.015,00;192.465,00;178.700,00;Não;2.160,00;450,00;91;2.160,00;450,00;0,00;0,00;0,00;1h20min36s;8.640,00;2160,0;2026-04-07;neutro;178543,79668351478;178991,38343097616;6617,90330681589;447,58674746137694;25062,571428571428;c
WINFUT;2026-04-07 14:52:55;07/04/2026 14:52:55;-;24;24;C;192.220,00;192.070,00;178.700,00;Não;-720,00;-150,00;92;-720,00;-150,00;0,00;0,00;0,00;20min17s;7.920,00;-720,0;2026-04-07;neutro;178543,79668351478;178991,38343097616;6617,90330681589;447,58674746137694;25062,571428571428;c
WINFUT;2026-04-07 15:00:23;07/04/2026 15:00:23;-;24;24;C;192.120,00;191.970,00;178.700,00;Sim;-720,00;-150,00;93;-720,00;-150,00;0,00;0,00;0,00;7min28s;7.200,00;-720,0;2026-04-07;neutro;178543,79668351478;178991,38343097616;6617,90330681589;447,58674746137694;25062,571428571428;c
WINFUT;2026-04-08 11:04:38;08/04/2026 11:07:06;2min27s;24;24;V;196.660,00;196.510,00;178.700,00;Sim;-720,00;-150,00;94;-720,00;-150,00;0,00;0,00;0,00;20h4min15s;6.480,00;-720,0;2026-04-08;tendencia_alta;178557,92560511403;177161,42310313258;8268,078051713237;1396,5025019814784;38157,57142857143;v
WINFUT;2026-04-08 13:26:56;08/04/2026 13:44:32;17min36s;24;24;C;196.610,00;197.060,00;178.700,00;Não;2.160,00;450,00;95;2.160,00;450,00;0,00;0,00;0,00;2h22min17s;8.640,00;2160,0;2026-04-08;tendencia_alta;178557,92560511403;177161,42310313258;8268,078051713237;1396,5025019814784;38157,57142857143;c
WINFUT;2026-04-08 14:29:10;08/04/2026 14:36:42;7min31s;24;24;C;197.020,00;197.020,00;178.700,00;Não;0;0;96;0;0;0,00;0,00;0,00;1h2min14s;8.640,00;0,0;2026-04-08;tendencia_alta;178557,92560511403;177161,42310313258;8268,078051713237;1396,5025019814784;38157,57142857143;c
WINFUT;2026-04-08 15:22:11;08/04/2026 15:22:11;-;24;24;C;196.920,00;196.770,00;178.700,00;Sim;-720,00;-150,00;97;-720,00;-150,00;0,00;0,00;0,00;53min;7.920,00;-720,0;2026-04-08;tendencia_alta;178557,92560511403;177161,42310313258;8268,078051713237;1396,5025019814784;38157,57142857143;c
WINFUT;2026-04-08 15:31:34;08/04/2026 15:31:34;-;24;24;C;197.020,00;196.870,00;178.700,00;Não;-720,00;-150,00;98;-720,00;-150,00;0,00;0,00;0,00;9min23s;7.200,00;-720,0;2026-04-08;tendencia_alta;178557,92560511403;177161,42310313258;8268,078051713237;1396,5025019814784;38157,57142857143;c
WINFUT;2026-04-08 17:58:16;08/04/2026 17:58:16;-;24;24;C;197.125,00;196.975,00;178.700,00;Não;-720,00;-150,00;99;-720,00;-150,00;0,00;0,00;0,00;2h26min42s;6.480,00;-720,0;2026-04-08;tendencia_alta;178557,92560511403;177161,42310313258;8268,078051713237;1396,5025019814784;38157,57142857143;c
WINFUT;2026-04-09 10:20:37;09/04/2026 10:28:13;7min36s;24;24;C;197.735,00;198.185,00;178.700,00;Não;2.160,00;450,00;100;2.160,00;450,00;0,00;0,00;0,00;16h22min21s;8.640,00;2160,0;2026-04-09;neutro;151403,06501627425;158397,86289661838;5761,672996191279;6994,797880344122;-12697,5;c
WINFUT;2026-04-10 10:18:26;10/04/2026 10:18:26;-;24;24;C;200.800,00;200.650,00;178.700,00;Não;-720,00;-150,00;101;-720,00;-150,00;0,00;0,00;0,00;23h57min49s;7.920,00;-720,0;2026-04-10;lateral_compressao;175984,14640325907;175288,02689031907;-3364,4465844524966;696,1195129400003;-12718,714285714286;c
WINFUT;2026-04-10 10:32:35;10/04/2026 10:33:23;47s;24;24;C;200.800,00;200.800,00;178.700,00;Não;0;0;102;0;0;0,00;0,00;0,00;14min9s;7.920,00;0,0;2026-04-10;lateral_compressao;175984,14640325907;175288,02689031907;-3364,4465844524966;696,1195129400003;-12718,714285714286;c
WINFUT;2026-04-10 10:38:04;10/04/2026 10:41:24;3min20s;24;24;C;201.005,00;201.455,00;178.700,00;Não;2.160,00;450,00;103;2.160,00;450,00;0,00;0,00;0,00;5min28s;10.080,00;2160,0;2026-04-10;lateral_compressao;175984,14640325907;175288,02689031907;-3364,4465844524966;696,1195129400003;-12718,714285714286;c
WINFUT;2026-04-13 13:59:41;13/04/2026 14:18:44;19min2s;24;24;C;201.615,00;202.065,00;178.700,00;Não;2.160,00;450,00;104;2.160,00;450,00;0,00;0,00;0,00;3d3h;12.240,00;2160,0;2026-04-13;lateral_compressao;189469,98188721456;187417,71172717525;5797,280092380621;2052,270160039334;-12846,714285714286;c
WINFUT;2026-04-13 17:37:28;13/04/2026 17:37:28;-;24;24;C;202.435,00;202.285,00;178.700,00;Não;-720,00;-150,00;105;-720,00;-150,00;0,00;0,00;0,00;3h37min46s;11.520,00;-720,0;2026-04-13;lateral_compressao;189469,98188721456;187417,71172717525;5797,280092380621;2052,270160039334;-12846,714285714286;c
WINFUT;2026-04-14 11:34:10;14/04/2026 11:39:36;5min26s;24;24;C;203.355,00;203.205,00;178.700,00;Não;-720,00;-150,00;106;-720,00;-150,00;0,00;0,00;0,00;17h56min42s;10.800,00;-720,0;2026-04-14;tendencia_baixa;163808,54100808897;172119,62559018462;-17646,23649952479;8311,084582095646;26242,64285714286;c
WINFUT;2026-04-15 09:32:10;15/04/2026 10:01:56;29min45s;24;24;C;202.100,00;201.950,00;178.700,00;Sim;-720,00;-150,00;107;-720,00;-150,00;0,00;0,00;0,00;21h58min;10.080,00;-720,0;2026-04-15;neutro;115597,42302148628;128678,65013172982;24715,85643631546;13081,227110243532;-2499,5;c
WINFUT;2026-04-15 10:15:08;15/04/2026 10:16:19;1min10s;24;24;C;202.400,00;202.400,00;178.700,00;Não;0;0;108;0;0;0,00;0,00;0,00;42min57s;10.080,00;0,0;2026-04-15;neutro;115597,42302148628;128678,65013172982;24715,85643631546;13081,227110243532;-2499,5;c
WINFUT;2026-04-15 12:30:49;15/04/2026 13:40:01;1h9min11s;24;24;V;201.450,00;201.900,00;178.700,00;Sim;2.160,00;450,00;109;2.160,00;450,00;0,00;0,00;0,00;2h15min41s;12.240,00;2160,0;2026-04-15;neutro;115597,42302148628;128678,65013172982;24715,85643631546;13081,227110243532;-2499,5;v
WINFUT;2026-04-16 09:17:53;16/04/2026 09:23:25;5min32s;24;24;C;202.300,00;202.150,00;178.700,00;Sim;-720,00;-150,00;110;-720,00;-150,00;0,00;0,00;0,00;20h47min3s;11.520,00;-720,0;2026-04-16;tendencia_alta;101154,1648658248;99187,02282422093;12393,66157651598;1967,14204160386;53017,92857142857;c
WINFUT;2026-04-16 09:29:52;16/04/2026 09:29:52;-;24;24;C;202.300,00;202.150,00;178.700,00;Não;-720,00;-150,00;111;-720,00;-150,00;0,00;0,00;0,00;11min58s;10.800,00;-720,0;2026-04-16;tendencia_alta;101154,1648658248;99187,02282422093;12393,66157651598;1967,14204160386;53017,92857142857;c
WINFUT;2026-04-16 09:34:13;16/04/2026 09:38:54;4min40s;24;24;C;202.400,00;202.250,00;178.700,00;Não;-720,00;-150,00;112;-720,00;-150,00;0,00;0,00;0,00;4min21s;10.080,00;-720,0;2026-04-16;tendencia_alta;101154,1648658248;99187,02282422093;12393,66157651598;1967,14204160386;53017,92857142857;c
WINFUT;2026-04-16 09:43:25;16/04/2026 09:54:39;11min14s;24;24;C;202.500,00;202.950,00;178.700,00;Não;2.160,00;450,00;113;2.160,00;450,00;0,00;0,00;0,00;9min11s;12.240,00;2160,0;2026-04-16;tendencia_alta;101154,1648658248;99187,02282422093;12393,66157651598;1967,14204160386;53017,92857142857;c
WINFUT;2026-04-16 10:12:51;16/04/2026 10:16:14;3min23s;24;24;C;202.500,00;202.500,00;178.700,00;Não;0;0;114;0;0;0,00;0,00;0,00;29min26s;12.240,00;0,0;2026-04-16;tendencia_alta;101154,1648658248;99187,02282422093;12393,66157651598;1967,14204160386;53017,92857142857;c
WINFUT;2026-04-16 12:19:03;16/04/2026 12:19:03;-;24;24;V;201.250,00;201.100,00;178.700,00;Não;-720,00;-150,00;115;-720,00;-150,00;0,00;0,00;0,00;2h6min12s;11.520,00;-720,0;2026-04-16;tendencia_alta;101154,1648658248;99187,02282422093;12393,66157651598;1967,14204160386;53017,92857142857;v
WINFUT;2026-04-16 15:09:40;16/04/2026 15:09:40;-;24;24;V;200.950,00;200.800,00;178.700,00;Não;-720,00;-150,00;116;-720,00;-150,00;0,00;0,00;0,00;2h50min36s;10.800,00;-720,0;2026-04-16;tendencia_alta;101154,1648658248;99187,02282422093;12393,66157651598;1967,14204160386;53017,92857142857;v
WINFUT;2026-04-22 13:03:12;22/04/2026 13:27:03;23min50s;24;24;V;196.850,00;197.300,00;178.700,00;Não;2.160,00;450,00;117;2.160,00;450,00;0,00;0,00;0,00;5d21h;12.960,00;2160,0;2026-04-22;lateral_compressao;105886,9484306882;104037,31274344382;-8093,292607484997;1849,6356872443864;-26469,35714285714;v
WINFUT;2026-04-22 14:33:47;22/04/2026 14:41:30;7min42s;24;24;V;196.800,00;196.800,00;178.700,00;Não;0;0;118;0;0;0,00;0,00;0,00;1h30min35s;12.960,00;0,0;2026-04-22;lateral_compressao;105886,9484306882;104037,31274344382;-8093,292607484997;1849,6356872443864;-26469,35714285714;v
WINFUT;2026-04-24 10:05:10;24/04/2026 10:05:10;-;24;24;V;194.850,00;194.700,00;178.700,00;Não;-720,00;-150,00;119;-720,00;-150,00;0,00;0,00;0,00;1d19h;12.240,00;-720,0;2026-04-24;neutro;139662,5416577995;135598,7789707237;-7070,591987500462;4063,762687075825;36347,57142857143;v
WINFUT;2026-04-24 10:46:10;24/04/2026 10:46:10;-;24;24;V;194.150,00;194.000,00;178.700,00;Não;-720,00;-150,00;120;-720,00;-150,00;0,00;0,00;0,00;40min59s;11.520,00;-720,0;2026-04-24;neutro;139662,5416577995;135598,7789707237;-7070,591987500462;4063,762687075825;36347,57142857143;v
WINFUT;2026-04-27 15:35:14;27/04/2026 15:35:14;-;24;24;V;193.650,00;193.500,00;178.700,00;Não;-720,00;-150,00;121;-720,00;-150,00;0,00;0,00;0,00;3d4h;10.800,00;-720,0;2026-04-27;tendencia_baixa;85304,2049398715;95816,24867481246;-12939,698132853926;10512,043734940962;26000,0;v
WINFUT;2026-04-27 15:54:19;27/04/2026 16:35:15;40min55s;24;24;V;192.950,00;193.400,00;178.700,00;Não;2.160,00;450,00;122;2.160,00;450,00;0,00;0,00;0,00;19min4s;12.960,00;2160,0;2026-04-27;tendencia_baixa;85304,2049398715;95816,24867481246;-12939,698132853926;10512,043734940962;26000,0;v
WINFUT;2026-04-29 12:02:03;29/04/2026 12:37:31;35min28s;24;24;V;189.250,00;189.700,00;178.700,00;Não;2.160,00;450,00;123;2.160,00;450,00;0,00;0,00;0,00;1d20h;15.120,00;2160,0;2026-04-29;lateral_compressao;94195,4321869704;96627,60941306992;-4880,55759340564;2432,177226099535;-8300,42857142857;v
WINFUT;2026-04-30 12:10:19;30/04/2026 12:10:19;-;24;24;C;190.100,00;189.950,00;178.700,00;Sim;-720,00;-150,00;124;-720,00;-150,00;0,00;0,00;0,00;1d;14.400,00;-720,0;2026-04-30;neutro;91086,35225931172;94077,0001343217;9931,311387245543;2990,6478750099923;49051,78571428572;c
WINFUT;2026-05-04 12:18:11;04/05/2026 12:21:03;2min51s;24;24;V;189.250,00;189.700,00;178.700,00;Não;2.160,00;450,00;125;2.160,00;450,00;0,00;0,00;0,00;4d;16.560,00;2160,0;2026-05-04;neutro;100778,39009775278;96668,23242986773;8958,234918598348;4110,157667885054;-24168,0;v
WINFUT;2026-05-04 16:50:16;05/05/2026 09:02:57;16h12min40s;24;24;V;188.650,00;188.500,00;178.700,00;Não;-720,00;-150,00;126;-720,00;-150,00;0,00;0,00;0,00;4h32min5s;15.840,00;-720,0;2026-05-04;neutro;100778,39009775278;96668,23242986773;8958,234918598348;4110,157667885054;-24168,0;v
WINFUT;2026-05-05 12:14:21;05/05/2026 12:21:25;7min4s;24;24;C;189.300,00;189.750,00;178.700,00;Sim;2.160,00;450,00;127;2.160,00;450,00;0,00;0,00;0,00;19h24min4s;18.000,00;2160,0;2026-05-05;tendencia_alta;116861,82776755698;110646,36899815909;3910,191503855385;6215,458769397912;13493,785714285714;c
WINFUT;2026-05-05 15:54:13;05/05/2026 15:54:13;-;24;24;C;189.700,00;189.550,00;178.700,00;Não;-720,00;-150,00;128;-720,00;-150,00;0,00;0,00;0,00;3h39min52s;17.280,00;-720,0;2026-05-05;tendencia_alta;116861,82776755698;110646,36899815909;3910,191503855385;6215,458769397912;13493,785714285714;c
WINFUT;2026-05-05 17:11:30;05/05/2026 17:11:30;-;24;24;C;189.600,00;189.450,00;178.700,00;Sim;-720,00;-150,00;129;-720,00;-150,00;0,00;0,00;0,00;1h17min17s;16.560,00;-720,0;2026-05-05;tendencia_alta;116861,82776755698;110646,36899815909;3910,191503855385;6215,458769397912;13493,785714285714;c
WINFUT;2026-05-06 12:48:14;06/05/2026 12:59:26;11min12s;24;24;C;190.800,00;190.650,00;178.700,00;Não;-720,00;-150,00;130;-720,00;-150,00;0,00;0,00;0,00;19h36min43s;15.840,00;-720,0;2026-05-06;lateral_compressao;72163,66623567659;76489,61154964105;7433,737425985804;4325,945313964461;-9747,0;c
WINFUT;2026-05-06 13:10:03;06/05/2026 13:15:39;5min36s;24;24;C;190.900,00;190.900,00;178.700,00;Não;0;0;131;0;0;0,00;0,00;0,00;21min49s;15.840,00;0,0;2026-05-06;lateral_compressao;72163,66623567659;76489,61154964105;7433,737425985804;4325,945313964461;-9747,0;c
WINFUT;2026-05-06 13:39:48;06/05/2026 13:39:48;-;24;24;C;191.000,00;190.850,00;178.700,00;Não;-720,00;-150,00;132;-720,00;-150,00;0,00;0,00;0,00;29min44s;15.120,00;-720,0;2026-05-06;lateral_compressao;72163,66623567659;76489,61154964105;7433,737425985804;4325,945313964461;-9747,0;c
WINFUT;2026-05-06 16:55:27;06/05/2026 16:55:27;-;24;24;C;190.700,00;190.550,00;178.700,00;Sim;-720,00;-150,00;133;-720,00;-150,00;0,00;0,00;0,00;3h15min39s;14.400,00;-720,0;2026-05-06;lateral_compressao;72163,66623567659;76489,61154964105;7433,737425985804;4325,945313964461;-9747,0;c
WINFUT;2026-05-08 10:29:09;08/05/2026 10:29:09;-;24;24;C;187.900,00;187.750,00;178.700,00;Sim;-720,00;-150,00;134;-720,00;-150,00;0,00;0,00;0,00;1d17h;13.680,00;-720,0;2026-05-08;lateral_compressao;90870,2512864019;88431,81666044866;9523,252019359934;2438,434625953232;83,92857142857143;c
WINFUT;2026-05-08 10:51:33;08/05/2026 10:51:33;-;24;24;C;188.000,00;187.850,00;178.700,00;Não;-720,00;-150,00;135;-720,00;-150,00;0,00;0,00;0,00;22min24s;12.960,00;-720,0;2026-05-08;lateral_compressao;90870,2512864019;88431,81666044866;9523,252019359934;2438,434625953232;83,92857142857143;c
WINFUT;2026-05-08 13:09:02;08/05/2026 13:47:53;38min50s;24;24;V;187.450,00;187.300,00;178.700,00;Não;-720,00;-150,00;136;-720,00;-150,00;0,00;0,00;0,00;2h17min28s;12.240,00;-720,0;2026-05-08;lateral_compressao;90870,2512864019;88431,81666044866;9523,252019359934;2438,434625953232;83,92857142857143;v
WINFUT;2026-05-08 13:57:36;08/05/2026 15:30:24;1h32min48s;24;24;V;187.350,00;187.200,00;178.700,00;Não;-720,00;-150,00;137;-720,00;-150,00;0,00;0,00;0,00;48min34s;11.520,00;-720,0;2026-05-08;lateral_compressao;90870,2512864019;88431,81666044866;9523,252019359934;2438,434625953232;83,92857142857143;v
WINFUT;2026-05-08 15:54:11;08/05/2026 16:30:47;36min35s;24;24;V;186.750,00;187.200,00;178.700,00;Não;2.160,00;450,00;138;2.160,00;450,00;0,00;0,00;0,00;1h56min35s;13.680,00;2160,0;2026-05-08;lateral_compressao;90870,2512864019;88431,81666044866;9523,252019359934;2438,434625953232;83,92857142857143;v
WINFUT;2026-05-11 09:47:48;11/05/2026 10:03:31;15min42s;24;24;V;185.900,00;185.900,00;178.700,00;Não;0;0;139;0;0;0,00;0,00;0,00;2d17h;13.680,00;0,0;2026-05-11;neutro;115876,57809757192;107223,36411667318;778,1311628100957;8653,213980898727;93,0;v
WINFUT;2026-05-11 11:45:15;11/05/2026 12:01:02;15min46s;24;24;V;184.750,00;185.200,00;178.700,00;Não;2.160,00;450,00;140;2.160,00;450,00;0,00;0,00;0,00;1h57min26s;15.840,00;2160,0;2026-05-11;neutro;115876,57809757192;107223,36411667318;778,1311628100957;8653,213980898727;93,0;v
WINFUT;2026-05-11 16:00:07;11/05/2026 16:20:42;20min35s;24;24;V;183.950,00;184.400,00;178.700,00;Não;2.160,00;450,00;141;2.160,00;450,00;0,00;0,00;0,00;4h14min51s;18.000,00;2160,0;2026-05-11;neutro;115876,57809757192;107223,36411667318;778,1311628100957;8653,213980898727;93,0;v
WINFUT;2026-05-11 17:11:51;11/05/2026 17:11:51;-;24;24;V;184.350,00;184.200,00;178.700,00;Não;-720,00;-150,00;142;-720,00;-150,00;0,00;0,00;0,00;1h11min44s;17.280,00;-720,0;2026-05-11;neutro;115876,57809757192;107223,36411667318;778,1311628100957;8653,213980898727;93,0;v
WINFUT;2026-05-12 12:11:16;12/05/2026 12:23:42;12min25s;24;24;V;182.150,00;182.600,00;178.700,00;Não;2.160,00;450,00;143;2.160,00;450,00;0,00;0,00;0,00;18h59min24s;19.440,00;2160,0;2026-05-12;neutro;72325,26851632602;88696,29152950537;-24240,405666932274;16371,02301317935;-48149,71428571428;v
WINFUT;2026-05-12 13:47:19;12/05/2026 13:57:00;9min41s;24;24;V;182.450,00;182.300,00;178.700,00;Não;-720,00;-150,00;144;-720,00;-150,00;0,00;0,00;0,00;1h36min3s;18.720,00;-720,0;2026-05-12;neutro;72325,26851632602;88696,29152950537;-24240,405666932274;16371,02301317935;-48149,71428571428;v
WINFUT;2026-05-12 14:12:30;12/05/2026 14:12:30;-;24;24;V;182.550,00;182.400,00;178.700,00;Sim;-720,00;-150,00;145;-720,00;-150,00;0,00;0,00;0,00;25min10s;18.000,00;-720,0;2026-05-12;neutro;72325,26851632602;88696,29152950537;-24240,405666932274;16371,02301317935;-48149,71428571428;v
WINFUT;2026-05-12 14:26:13;12/05/2026 14:26:13;-;24;24;V;182.650,00;182.500,00;178.700,00;Sim;-720,00;-150,00;146;-720,00;-150,00;0,00;0,00;0,00;13min43s;17.280,00;-720,0;2026-05-12;neutro;72325,26851632602;88696,29152950537;-24240,405666932274;16371,02301317935;-48149,71428571428;v
WINFUT;2026-05-13 09:20:54;13/05/2026 09:30:28;9min34s;24;24;V;181.650,00;182.100,00;178.700,00;Não;2.160,00;450,00;147;2.160,00;450,00;0,00;0,00;0,00;18h54min41s;19.440,00;2160,0;2026-05-13;tendencia_baixa;54745,17201760945;75573,55468432925;-18075,7610357979;20828,3826667198;12825,714285714286;v
WINFUT;2026-05-13 10:15:03;13/05/2026 10:28:36;13min33s;24;24;V;181.750,00;182.200,00;178.700,00;Sim;2.160,00;450,00;148;2.160,00;450,00;0,00;0,00;0,00;54min8s;21.600,00;2160,0;2026-05-13;tendencia_baixa;54745,17201760945;75573,55468432925;-18075,7610357979;20828,3826667198;12825,714285714286;v
WINFUT;2026-05-14 10:52:00;14/05/2026 10:52:00;-;24;24;V;180.050,00;179.900,00;178.700,00;Não;-720,00;-150,00;149;-720,00;-150,00;0,00;0,00;0,00;1d;20.880,00;-720,0;2026-05-13;tendencia_baixa;54745,17201760945;75573,55468432925;-18075,7610357979;20828,3826667198;12825,714285714286;v
WINFUT;2026-05-14 10:56:38;14/05/2026 10:57:47;1min9s;24;24;V;180.200,00;180.200,00;178.700,00;Sim;0;0;150;0;0;0,00;0,00;0,00;4min37s;20.880,00;0,0;2026-05-13;tendencia_baixa;54745,17201760945;75573,55468432925;-18075,7610357979;20828,3826667198;12825,714285714286;v
WINFUT;2026-05-14 11:51:35;14/05/2026 11:51:35;-;24;24;C;180.900,00;180.750,00;178.700,00;Sim;-720,00;-150,00;151;-720,00;-150,00;0,00;0,00;0,00;54min56s;20.160,00;-720,0;2026-05-13;tendencia_baixa;54745,17201760945;75573,55468432925;-18075,7610357979;20828,3826667198;12825,714285714286;c
WINFUT;2026-05-14 13:41:52;14/05/2026 14:07:29;25min37s;24;24;C;181.000,00;181.450,00;178.700,00;Não;2.160,00;450,00;152;2.160,00;450,00;0,00;0,00;0,00;1h50min17s;22.320,00;2160,0;2026-05-13;tendencia_baixa;54745,17201760945;75573,55468432925;-18075,7610357979;20828,3826667198;12825,714285714286;c
WINFUT;2026-05-14 15:16:34;14/05/2026 15:16:34;-;24;24;C;181.100,00;180.950,00;178.700,00;Não;-720,00;-150,00;153;-720,00;-150,00;0,00;0,00;0,00;1h34min41s;21.600,00;-720,0;2026-05-13;tendencia_baixa;54745,17201760945;75573,55468432925;-18075,7610357979;20828,3826667198;12825,714285714286;c
WINFUT;2026-05-15 15:26:57;15/05/2026 15:26:57;-;24;24;C;178.900,00;178.750,00;178.700,00;Sim;-720,00;-150,00;154;-720,00;-150,00;0,00;0,00;0,00;1d;20.880,00;-720,0;2026-05-13;tendencia_baixa;54745,17201760945;75573,55468432925;-18075,7610357979;20828,3826667198;12825,714285714286;c
WINFUT;2026-05-18 10:13:15;18/05/2026 10:15:03;1min48s;24;24;V;178.500,00;178.500,00;178.700,00;Não;0;0;155;0;0;0,00;0,00;0,00;2d18h;20.880,00;0,0;2026-05-13;tendencia_baixa;54745,17201760945;75573,55468432925;-18075,7610357979;20828,3826667198;12825,714285714286;v
WINFUT;2026-05-18 10:30:41;18/05/2026 10:36:57;6min16s;24;24;V;177.950,00;178.400,00;178.700,00;Não;2.160,00;450,00;156;2.160,00;450,00;0,00;0,00;0,00;17min25s;23.040,00;2160,0;2026-05-13;tendencia_baixa;54745,17201760945;75573,55468432925;-18075,7610357979;20828,3826667198;12825,714285714286;v
WINFUT;2026-05-18 11:30:55;18/05/2026 11:30:55;-;24;24;V;178.450,00;178.300,00;178.700,00;Não;-720,00;-150,00;157;-720,00;-150,00;0,00;0,00;0,00;1h13s;22.320,00;-720,0;2026-05-13;tendencia_baixa;54745,17201760945;75573,55468432925;-18075,7610357979;20828,3826667198;12825,714285714286;v
WINFUT;2026-05-18 13:50:34;18/05/2026 13:56:36;6min2s;24;24;C;178.700,00;178.700,00;178.700,00;Sim;0;0;158;0;0;0,00;0,00;0,00;2h19min39s;22.320,00;0,0;2026-05-13;tendencia_baixa;54745,17201760945;75573,55468432925;-18075,7610357979;20828,3826667198;12825,714285714286;c
WINFUT;2026-05-18 16:25:14;18/05/2026 16:25:14;-;24;24;V;178.250,00;178.100,00;178.700,00;Não;-720,00;-150,00;159;-720,00;-150,00;0,00;0,00;0,00;2h34min39s;21.600,00;-720,0;2026-05-13;tendencia_baixa;54745,17201760945;75573,55468432925;-18075,7610357979;20828,3826667198;12825,714285714286;v
WINFUT;2026-05-19 12:54:15;19/05/2026 12:54:15;-;24;24;V;176.450,00;176.300,00;178.700,00;Não;-720,00;-150,00;160;-720,00;-150,00;0,00;0,00;0,00;20h29min;20.880,00;-720,0;2026-05-13;tendencia_baixa;54745,17201760945;75573,55468432925;-18075,7610357979;20828,3826667198;12825,714285714286;v
WINFUT;2026-05-20 09:24:06;20/05/2026 09:24:06;-;24;24;C;176.900,00;176.750,00;178.700,00;Sim;-720,00;-150,00;161;-720,00;-150,00;0,00;0,00;0,00;20h29min51s;20.160,00;-720,0;2026-05-13;tendencia_baixa;54745,17201760945;75573,55468432925;-18075,7610357979;20828,3826667198;12825,714285714286;c
WINFUT;2026-05-20 11:14:04;20/05/2026 11:14:13;8s;24;24;C;178.100,00;178.100,00;178.700,00;Não;0;0;162;0;0;0,00;0,00;0,00;1h49min58s;20.160,00;0,0;2026-05-13;tendencia_baixa;54745,17201760945;75573,55468432925;-18075,7610357979;20828,3826667198;12825,714285714286;c
WINFUT;2026-05-20 15:05:02;20/05/2026 15:39:45;34min42s;24;24;C;179.600,00;179.600,00;178.700,00;Não;0;0;163;0;0;0,00;0,00;0,00;3h50min57s;20.160,00;0,0;2026-05-13;tendencia_baixa;54745,17201760945;75573,55468432925;-18075,7610357979;20828,3826667198;12825,714285714286;c
WINFUT;2026-05-21 09:43:12;21/05/2026 09:43:12;-;24;24;V;178.050,00;177.900,00;178.700,00;Sim;-720,00;-150,00;164;-720,00;-150,00;0,00;0,00;0,00;18h38min9s;19.440,00;-720,0;2026-05-13;tendencia_baixa;54745,17201760945;75573,55468432925;-18075,7610357979;20828,3826667198;12825,714285714286;v
WINFUT;2026-05-21 09:55:28;21/05/2026 10:05:01;9min32s;24;24;V;178.050,00;177.900,00;178.700,00;Não;-720,00;-150,00;165;-720,00;-150,00;0,00;0,00;0,00;12min16s;18.720,00;-720,0;2026-05-13;tendencia_baixa;54745,17201760945;75573,55468432925;-18075,7610357979;20828,3826667198;12825,714285714286;v
WINFUT;2026-05-21 11:08:59;21/05/2026 11:08:59;-;24;24;C;178.300,00;178.150,00;178.700,00;Sim;-720,00;-150,00;166;-720,00;-150,00;0,00;0,00;0,00;1h13min30s;18.000,00;-720,0;2026-05-13;tendencia_baixa;54745,17201760945;75573,55468432925;-18075,7610357979;20828,3826667198;12825,714285714286;c
WINFUT;2026-05-21 12:06:52;21/05/2026 12:06:52;-;24;24;V;178.050,00;177.900,00;178.700,00;Não;-720,00;-150,00;167;-720,00;-150,00;0,00;0,00;0,00;57min53s;17.280,00;-720,0;2026-05-13;tendencia_baixa;54745,17201760945;75573,55468432925;-18075,7610357979;20828,3826667198;12825,714285714286;v
